model,F1,precision,recall,test_acc,train_acc
Logistic,0.32044198895027626,0.2286036036036036,0.5356200527704486,0.6405010438413361,0.7305210918114144
kNN,0.24200913242009134,0.21327967806841047,0.2796833773087071,0.7227557411273486,0.998014888337469
LDA,0.31821797931583135,0.22779043280182232,0.5277044854881267,0.6421711899791231,0.7260545905707196
QDA,0.2566489361702127,0.17155555555555554,0.5092348284960422,0.5331941544885177,0.7672456575682383
Single Tree,0.24626006904487915,0.21836734693877552,0.28232189973614774,0.7265135699373695,0.9307692307692308
Random Forest,0.24251968503937008,0.30078125,0.20316622691292877,0.7991649269311065,1.0
AddBoost,0.07744874715261958,0.2833333333333333,0.044854881266490766,0.821294363256785,0.9079404466501241
Neural Network,0.19390581717451522,0.20408163265306123,0.18469656992084432,0.7569937369519834,1.0
